size,difficulty,seed,solver,solved,timed_out,nodes,conflicts,backtracks,propagations,time_ms,best_cost
7,easy,0,bt,1,0,115,53,62,0,6.6,
7,easy,0,fc,1,0,11,1,1,30,0.25,
7,easy,0,full,1,0,0,0,0,37,0.36,
7,easy,0,hc,1,0,13020,167,167,0,157.71,0
7,easy,0,sa,1,0,3294,2182,0,0,49.75,0
7,easy,1,bt,1,0,160,75,85,0,8.13,
7,easy,1,fc,1,0,18,4,4,33,0.55,
7,easy,1,full,1,0,5,0,0,32,0.31,
7,easy,1,hc,1,0,43140,493,493,0,595.21,0
7,easy,1,sa,1,0,14471,11941,1,0,175.97,0
7,easy,2,bt,1,0,110,51,59,0,6.02,
7,easy,2,fc,1,0,14,3,3,35,0.4,
7,easy,2,full,1,0,0,0,0,36,0.27,
7,easy,2,hc,1,0,19560,306,306,0,251.06,0
7,easy,2,sa,1,0,2432,1521,0,0,29.91,0
7,easy,3,bt,1,0,62,25,37,0,3.49,
7,easy,3,fc,1,0,30,9,9,33,0.41,
7,easy,3,full,1,0,4,1,1,39,0.42,
7,easy,3,hc,1,0,24180,291,291,0,279.0,0
7,easy,3,sa,1,0,6851,5629,0,0,100.62,0
7,easy,4,bt,1,0,63,26,37,0,3.16,
7,easy,4,fc,1,0,11,0,0,26,0.21,
7,easy,4,full,1,0,1,0,0,36,0.17,
7,easy,4,hc,1,0,32730,547,547,0,435.6,0
7,easy,4,sa,1,0,4116,3009,0,0,69.67,0
7,medium,0,bt,1,0,69,30,39,0,2.91,
7,medium,0,fc,1,0,14,2,2,31,0.24,
7,medium,0,full,1,0,5,0,0,34,0.24,
7,medium,0,hc,1,0,8970,267,267,0,93.39,0
7,medium,0,sa,1,0,8079,6637,0,0,76.23,0
7,medium,1,bt,1,0,68,29,39,0,3.08,
7,medium,1,fc,1,0,29,9,9,41,0.38,
7,medium,1,full,1,0,7,0,0,32,0.35,
7,medium,1,hc,1,0,330,6,6,0,3.33,0
7,medium,1,sa,1,0,4935,3721,0,0,57.8,0
7,medium,2,bt,1,0,170,81,89,0,7.82,
7,medium,2,fc,1,0,32,12,12,55,0.35,
7,medium,2,full,1,0,5,0,0,35,0.43,
7,medium,2,hc,1,0,6060,167,167,0,74.89,0
7,medium,2,sa,1,0,2244,1275,0,0,26.83,0
7,medium,3,bt,1,0,356,173,183,0,15.6,
7,medium,3,fc,1,0,70,30,30,111,0.61,
7,medium,3,full,1,0,9,1,1,52,0.36,
7,medium,3,hc,1,0,1470,20,20,0,13.65,0
7,medium,3,sa,1,0,3434,2175,0,0,36.96,0
7,medium,4,bt,1,0,68,29,39,0,3.67,
7,medium,4,fc,1,0,13,1,1,29,0.22,
7,medium,4,full,1,0,5,0,0,34,0.24,
7,medium,4,hc,1,0,7290,161,161,0,83.5,0
7,medium,4,sa,1,0,3048,1893,0,0,37.78,0
7,hard,0,bt,1,0,77,34,43,0,3.59,
7,hard,0,fc,1,0,13,2,2,38,0.27,
7,hard,0,full,1,0,8,0,0,35,0.35,
7,hard,0,hc,1,0,1800,57,57,0,19.27,0
7,hard,0,sa,1,0,3246,2055,0,0,35.85,0
7,hard,1,bt,1,0,78,35,43,0,2.94,
7,hard,1,fc,1,0,13,2,2,39,0.28,
7,hard,1,full,1,0,9,0,0,34,0.35,
7,hard,1,hc,1,0,30,1,1,0,0.3,0
7,hard,1,sa,1,0,1772,892,0,0,17.61,0
7,hard,2,bt,1,0,298,145,153,0,15.11,
7,hard,2,fc,1,0,9,0,0,33,2.93,
7,hard,2,full,1,0,5,0,0,37,0.21,
7,hard,2,hc,1,0,1980,62,62,0,22.22,0
7,hard,2,sa,1,0,3659,2409,0,0,44.38,0
7,hard,3,bt,1,0,94,43,51,0,4.14,
7,hard,3,fc,1,0,15,3,3,40,0.27,
7,hard,3,full,1,0,8,0,0,35,0.35,
7,hard,3,hc,1,0,360,12,12,0,3.45,0
7,hard,3,sa,1,0,2704,1629,0,0,27.32,0
7,hard,4,bt,1,0,1490,740,750,0,59.39,
7,hard,4,fc,1,0,10,0,0,33,0.26,
7,hard,4,full,1,0,0,0,0,43,0.15,
7,hard,4,hc,0,1,436710,13849,13849,0,5001.31,1
7,hard,4,sa,1,0,4982,3579,0,0,59.16,0
10,easy,0,bt,1,0,1299,641,658,0,170.26,
10,easy,0,fc,1,0,29,6,6,66,0.69,
10,easy,0,full,1,0,2,0,0,72,0.74,
10,easy,0,hc,0,1,207300,2342,2342,0,5000.45,5
10,easy,0,sa,1,0,38537,33722,3,0,875.76,0
10,easy,1,bt,1,0,450,216,234,0,59.91,
10,easy,1,fc,1,0,116,49,49,153,2.66,
10,easy,1,full,1,0,6,3,3,95,1.24,
10,easy,1,hc,0,1,211440,3185,3185,0,5000.27,3
10,easy,1,sa,1,0,54437,48720,4,0,1270.0,0
10,easy,2,bt,1,0,1108,545,563,0,142.57,
10,easy,2,fc,1,0,24,3,3,61,0.63,
10,easy,2,full,1,0,3,0,0,71,0.46,
10,easy,2,hc,0,1,209610,2584,2584,0,5000.38,3
10,easy,2,sa,1,0,27676,24318,2,0,634.18,0
10,easy,3,bt,1,0,130,56,74,0,41.26,
10,easy,3,fc,1,0,48,15,15,82,1.74,
10,easy,3,full,1,0,0,0,0,74,0.61,
10,easy,3,hc,0,1,201690,1678,1678,0,5000.57,6
10,easy,3,sa,1,0,26059,22667,2,0,526.26,0
10,easy,4,bt,1,0,129,55,74,0,20.66,
10,easy,4,fc,1,0,21,1,1,55,0.54,
10,easy,4,full,1,0,0,0,0,74,0.31,
10,easy,4,hc,0,1,227340,3156,3156,0,5002.19,6
10,easy,4,sa,1,0,15139,12956,1,0,336.45,0
10,medium,0,bt,1,0,364,175,189,0,88.24,
10,medium,0,fc,1,0,53,20,20,140,1.37,
10,medium,0,full,1,0,10,1,1,84,0.78,
10,medium,0,hc,0,1,243600,6378,6378,0,5000.37,1
10,medium,0,sa,1,0,4183,3057,0,0,98.96,0
10,medium,1,bt,1,0,11040,5512,5528,0,1873.92,
10,medium,1,fc,1,0,98,42,42,193,1.06,
10,medium,1,full,1,0,9,1,1,98,0.8,
10,medium,1,hc,0,1,248610,6175,6175,0,5000.51,1
10,medium,1,sa,1,0,14974,12597,1,0,273.32,0
10,medium,2,bt,1,0,988,486,502,0,96.15,
10,medium,2,fc,1,0,19,2,2,71,0.59,
10,medium,2,full,1,0,8,0,0,74,0.76,
10,medium,2,hc,0,1,248640,7248,7248,0,5000.44,1
10,medium,2,sa,1,0,3530,2388,0,0,65.15,0
10,medium,3,bt,0,1,20570,10279,10292,0,5000.94,
10,medium,3,fc,1,0,36,9,9,83,0.69,
10,medium,3,full,1,0,11,1,1,80,0.79,
10,medium,3,hc,0,1,258810,7594,7594,0,5000.16,1
10,medium,3,sa,1,0,29785,25794,2,0,572.27,0
10,medium,4,bt,1,0,170,77,93,0,22.96,
10,medium,4,fc,1,0,82,34,34,108,1.41,
10,medium,4,full,1,0,13,2,2,87,0.92,
10,medium,4,hc,0,1,239700,5712,5712,0,5000.27,2
10,medium,4,sa,1,0,6253,5121,0,0,124.36,0
10,hard,0,bt,1,0,164,76,88,0,18.68,
10,hard,0,fc,1,0,14,0,0,74,1.18,
10,hard,0,full,1,0,14,0,0,74,1.63,
10,hard,0,hc,1,0,120,4,4,0,2.25,0
10,hard,0,sa,1,0,2259,1375,0,0,39.77,0
10,hard,1,bt,1,0,2383,1184,1199,0,532.2,
10,hard,1,fc,1,0,25,4,4,77,0.77,
10,hard,1,full,1,0,15,0,0,73,0.95,
10,hard,1,hc,1,0,18210,569,569,0,411.73,0
10,hard,1,sa,1,0,5896,4695,0,0,120.05,0
10,hard,2,bt,1,0,163,75,88,0,17.98,
10,hard,2,fc,1,0,20,3,3,82,1.24,
10,hard,2,full,1,0,13,0,0,75,1.54,
10,hard,2,hc,1,0,90,3,3,0,2.12,0
10,hard,2,sa,1,0,3294,2249,0,0,56.92,0
10,hard,3,bt,1,0,2051,1018,1033,0,206.73,
10,hard,3,fc,1,0,23,4,4,85,0.75,
10,hard,3,full,1,0,14,0,0,74,1.11,
10,hard,3,hc,1,0,16440,426,426,0,354.42,0
10,hard,3,sa,1,0,3297,2240,0,0,80.1,0
10,hard,4,bt,1,0,161,73,88,0,19.01,
10,hard,4,fc,1,0,18,2,2,77,0.53,
10,hard,4,full,1,0,13,0,0,75,1.13,
10,hard,4,hc,1,0,85080,2032,2032,0,1781.16,0
10,hard,4,sa,1,0,16968,14448,1,0,377.53,0
14,easy,0,bt,1,0,2281,1124,1157,0,478.6,
14,easy,0,fc,1,0,89,28,28,172,2.8,
14,easy,0,full,1,0,6,0,0,140,1.22,
14,easy,0,hc,0,1,102630,1560,1560,0,5001.12,14
14,easy,0,sa,0,1,111013,99247,10,0,5000.01,2
14,easy,1,bt,0,1,16408,8197,8211,0,5000.04,
14,easy,1,fc,1,0,54,12,12,141,2.31,
14,easy,1,full,1,0,6,0,0,140,1.05,
14,easy,1,hc,0,1,115170,1076,1076,0,5001.1,13
14,easy,1,sa,1,0,27996,24791,2,0,1219.67,0
14,easy,2,bt,1,0,732,350,382,0,144.3,
14,easy,2,fc,1,0,62,15,15,149,3.42,
14,easy,2,full,1,0,0,0,0,146,1.11,
14,easy,2,hc,0,1,112320,1161,1161,0,5000.69,18
14,easy,2,sa,1,0,95503,85897,8,0,4195.7,0
14,easy,3,bt,1,0,6097,3032,3065,0,1229.27,
14,easy,3,fc,1,0,43,5,5,123,1.61,
14,easy,3,full,1,0,3,0,0,143,0.84,
14,easy,3,hc,0,1,104610,1618,1618,0,5001.08,17
14,easy,3,sa,1,0,85624,76542,7,0,3695.18,0
14,easy,4,bt,1,0,3677,1823,1854,0,955.73,
14,easy,4,fc,1,0,294,132,132,549,7.87,
14,easy,4,full,1,0,6,0,0,140,1.85,
14,easy,4,hc,0,1,107550,1344,1344,0,5000.41,15
14,easy,4,sa,0,1,119076,106755,10,0,5000.01,1
14,medium,0,bt,1,0,9528,4750,4778,0,2207.01,
14,medium,0,fc,1,0,340,156,156,613,9.96,
14,medium,0,full,1,0,15,1,1,160,2.47,
14,medium,0,hc,0,1,123720,2475,2475,0,5000.26,9
14,medium,0,sa,1,0,9822,8742,0,0,331.87,0
14,medium,1,bt,0,1,19517,9753,9765,0,5000.31,
14,medium,1,fc,1,0,60,18,18,217,2.0,
14,medium,1,full,1,0,14,0,0,146,2.53,
14,medium,1,hc,0,1,125880,3017,3017,0,5003.76,4
14,medium,1,sa,1,0,29095,25783,2,0,1121.44,0
14,medium,2,bt,1,0,3491,1732,1759,0,813.06,
14,medium,2,fc,1,0,106,40,40,239,6.07,
14,medium,2,full,1,0,11,0,0,149,2.7,
14,medium,2,hc,0,1,107670,2386,2386,0,5000.29,8
14,medium,2,sa,0,1,121122,108670,10,0,5000.03,2
14,medium,3,bt,1,0,18770,9372,9398,0,4565.55,
14,medium,3,fc,1,0,47,11,11,179,2.95,
14,medium,3,full,1,0,17,0,0,143,4.09,
14,medium,3,hc,0,1,113040,3272,3272,0,5000.56,5
14,medium,3,sa,1,0,129979,116298,11,0,4920.73,0
14,medium,4,bt,1,0,721,347,374,0,142.67,
14,medium,4,fc,1,0,2347,1161,1161,5118,57.93,
14,medium,4,full,1,0,13,1,1,159,2.2,
14,medium,4,hc,0,1,116160,2555,2555,0,5001.0,7
14,medium,4,sa,0,1,136886,122166,12,0,5000.02,1
14,hard,0,bt,0,1,24836,12410,12427,0,5000.13,
14,hard,0,fc,1,0,40,8,8,169,2.06,
14,hard,0,full,1,0,20,0,0,152,2.66,
14,hard,0,hc,0,1,120390,3359,3359,0,5001.88,2
14,hard,0,sa,1,0,7781,6611,0,0,264.59,0
14,hard,1,bt,0,1,24793,12390,12404,0,5001.04,
14,hard,1,fc,1,0,36,9,9,191,3.39,
14,hard,1,full,1,0,18,0,0,154,6.0,
14,hard,1,hc,0,1,129600,3530,3530,0,5002.36,2
14,hard,1,sa,1,0,7859,6713,0,0,237.61,0
14,hard,2,bt,1,0,987,482,505,0,156.78,
14,hard,2,fc,1,0,35,6,6,169,1.42,
14,hard,2,full,1,0,21,0,0,151,3.25,
14,hard,2,hc,0,1,126360,3796,3796,0,5000.29,3
14,hard,2,sa,1,0,28062,24510,2,0,998.61,0
14,hard,3,bt,1,0,702,341,361,0,171.76,
14,hard,3,fc,1,0,36,7,7,170,1.77,
14,hard,3,full,1,0,22,0,0,150,3.63,
14,hard,3,hc,1,0,128190,4099,4099,0,4812.04,0
14,hard,3,sa,1,0,18377,16090,1,0,561.87,0
14,hard,4,bt,1,0,319,147,172,0,66.22,
14,hard,4,fc,1,0,33,3,3,154,2.01,
14,hard,4,full,1,0,26,0,0,146,3.75,
14,hard,4,hc,1,0,22050,724,724,0,829.01,0
14,hard,4,sa,1,0,3812,2747,0,0,123.47,0
18,easy,0,bt,1,0,9356,4649,4707,0,4082.88,
18,easy,0,fc,1,0,136,39,39,360,5.59,
18,easy,0,full,1,0,8,2,2,250,9.68,
18,easy,0,hc,0,1,63960,911,911,0,5000.68,32
18,easy,0,sa,0,1,71789,62854,6,0,5000.03,5
18,easy,1,bt,0,1,17696,8836,8860,0,5000.28,
18,easy,1,fc,1,0,2811,1377,1377,5137,123.45,
18,easy,1,full,1,0,2,0,0,240,2.43,
18,easy,1,hc,0,1,67950,556,556,0,5002.64,37
18,easy,1,sa,0,1,75279,67152,6,0,5000.02,2
18,easy,2,bt,0,1,13594,6795,6799,0,5000.03,
18,easy,2,fc,1,0,2485,1218,1218,4270,82.2,
18,easy,2,full,1,0,11,3,3,326,3.88,
18,easy,2,hc,0,1,69330,744,744,0,5000.78,32
18,easy,2,sa,0,1,76412,68024,6,0,5000.03,6
18,easy,3,bt,0,1,10555,5265,5291,0,5001.14,
18,easy,3,fc,1,0,72,12,12,223,6.79,
18,easy,3,full,1,0,7,0,0,235,2.87,
18,easy,3,hc,0,1,71850,774,774,0,5001.45,33
18,easy,3,sa,0,1,75929,67853,6,0,5000.01,6
18,easy,4,bt,0,1,10956,5463,5494,0,5002.8,
18,easy,4,fc,1,0,131,41,41,304,9.42,
18,easy,4,full,1,0,8,1,1,258,4.21,
18,easy,4,hc,0,1,70860,1055,1055,0,5001.28,28
18,easy,4,sa,0,1,73775,66372,6,0,5000.01,5
18,medium,0,bt,1,0,1741,847,894,0,734.97,
18,medium,0,fc,1,0,703,328,328,1335,28.85,
18,medium,0,full,1,0,27,1,1,253,6.77,
18,medium,0,hc,0,1,69660,1379,1379,0,5001.08,13
18,medium,0,sa,0,1,85612,76041,7,0,5000.01,3
18,medium,1,bt,0,1,18486,9237,9249,0,5000.21,
18,medium,1,fc,1,0,156,55,55,420,9.07,
18,medium,1,full,1,0,19,2,2,282,4.21,
18,medium,1,hc,0,1,71910,1365,1365,0,5000.92,17
18,medium,1,sa,0,1,86927,77847,7,0,5000.03,5
18,medium,2,bt,0,1,14482,7232,7251,0,5000.54,
18,medium,2,fc,1,0,61055,30505,30505,97062,1773.17,
18,medium,2,full,1,0,35,8,8,472,8.36,
18,medium,2,hc,0,1,68760,1371,1371,0,5001.39,19
18,medium,2,sa,0,1,82569,72264,7,0,5000.0,3
18,medium,3,bt,0,1,11672,5818,5854,0,5000.31,
18,medium,3,fc,1,0,2725,1343,1343,5313,150.54,
18,medium,3,full,1,0,20,0,0,246,5.98,
18,medium,3,hc,0,1,63720,1546,1546,0,5002.26,17
18,medium,3,sa,0,1,83589,74297,7,0,5000.03,2
18,medium,4,bt,0,1,12821,6399,6423,0,5000.78,
18,medium,4,fc,1,0,24343,12151,12151,39107,900.4,
18,medium,4,full,1,0,26,3,3,318,6.99,
18,medium,4,hc,0,1,70020,2012,2012,0,5000.77,12
18,medium,4,sa,0,1,85484,75901,7,0,5000.03,4
18,hard,0,bt,1,0,7784,3873,3911,0,3266.91,
18,hard,0,fc,1,0,93,28,28,383,6.71,
18,hard,0,full,1,0,31,1,1,291,9.15,
18,hard,0,hc,0,1,75120,1705,1705,0,5000.05,9
18,hard,0,sa,0,1,82753,73884,7,0,5000.01,2
18,hard,1,bt,1,0,1684,824,860,0,407.15,
18,hard,1,fc,1,0,53,7,7,262,7.39,
18,hard,1,full,1,0,32,0,0,252,6.63,
18,hard,1,hc,0,1,76350,2274,2274,0,5001.02,7
18,hard,1,sa,1,0,40634,36197,3,0,2082.27,0
18,hard,2,bt,1,0,566,266,300,0,161.56,
18,hard,2,fc,1,0,74,18,18,296,11.95,
18,hard,2,full,1,0,39,0,0,245,11.86,
18,hard,2,hc,0,1,77400,2070,2070,0,5000.11,3
18,hard,2,sa,1,0,17763,15696,1,0,970.36,0
18,hard,3,bt,0,1,13144,6558,6586,0,5000.03,
18,hard,3,fc,0,1,79840,39912,39928,225457,5000.05,
18,hard,3,full,1,0,32,2,2,266,10.91,
18,hard,3,hc,0,1,71760,2270,2270,0,5001.3,7
18,hard,3,sa,1,0,65038,58480,5,0,3661.79,0
18,hard,4,bt,0,1,10416,5200,5217,0,5000.04,
18,hard,4,fc,1,0,49,8,8,292,5.16,
18,hard,4,full,1,0,25,0,0,259,12.29,
18,hard,4,hc,0,1,75690,2314,2314,0,5000.22,2
18,hard,4,sa,1,0,5198,4214,0,0,293.07,0
25,easy,0,bt,0,1,6015,3002,3014,0,5001.25,
25,easy,0,fc,1,0,29955,14931,14931,51645,2148.55,
25,easy,0,full,1,0,14,3,3,477,6.6,
25,easy,0,hc,0,1,32850,268,268,0,5004.84,78
25,easy,0,sa,0,1,36619,31968,3,0,5000.31,17
25,easy,1,bt,0,1,4612,2283,2329,0,5000.58,
25,easy,1,fc,1,0,235,71,71,574,35.83,
25,easy,1,full,1,0,21,1,1,459,10.59,
25,easy,1,hc,0,1,31470,399,399,0,5001.96,77
25,easy,1,sa,0,1,36187,31219,3,0,5000.01,22
25,easy,2,bt,0,1,9304,4642,4662,0,5000.25,
25,easy,2,fc,1,0,1297,598,598,2389,111.76,
25,easy,2,full,1,0,7,0,0,462,4.63,
25,easy,2,hc,0,1,31590,280,280,0,5006.52,83
25,easy,2,sa,0,1,37267,32151,3,0,5000.08,22
25,easy,3,bt,0,1,12370,6182,6188,0,5000.53,
25,easy,3,fc,1,0,11673,5791,5791,29484,759.96,
25,easy,3,full,1,0,31,9,9,717,15.7,
25,easy,3,hc,0,1,32190,318,318,0,5000.01,69
25,easy,3,sa,0,1,37537,32418,3,0,5000.08,20
25,easy,4,bt,0,1,3238,1604,1634,0,5002.44,
25,easy,4,fc,1,0,3836,1871,1871,7837,275.42,
25,easy,4,full,1,0,22,5,5,537,7.73,
25,easy,4,hc,0,1,33810,333,333,0,5003.92,73
25,easy,4,sa,0,1,37272,32742,3,0,5000.02,15
25,medium,0,bt,0,1,11069,5529,5540,0,5000.03,
25,medium,0,fc,0,1,47758,23853,23905,96354,5000.24,
25,medium,0,full,1,0,41,2,2,579,20.57,
25,medium,0,hc,0,1,32340,568,568,0,5000.46,44
25,medium,0,sa,0,1,40159,35295,3,0,5000.09,12
25,medium,1,bt,0,1,16274,8131,8143,0,5000.02,
25,medium,1,fc,0,1,54938,27450,27489,127471,5000.09,
25,medium,1,full,1,0,47,1,1,507,19.03,
25,medium,1,hc,0,1,31050,690,690,0,5004.57,39
25,medium,1,sa,0,1,43065,38031,3,0,5000.09,9
25,medium,2,bt,0,1,12759,6376,6384,0,5002.29,
25,medium,2,fc,1,0,220,71,71,860,18.11,
25,medium,2,full,1,0,41,1,1,478,25.12,
25,medium,2,hc,0,1,32550,695,695,0,5006.56,41
25,medium,2,sa,0,1,44122,39284,3,0,5000.08,8
25,medium,3,bt,0,1,9814,4893,4922,0,5000.03,
25,medium,3,fc,0,1,61617,30785,30832,160820,5000.11,
25,medium,3,full,1,0,33,2,2,513,17.6,
25,medium,3,hc,0,1,34260,549,549,0,5000.32,41
25,medium,3,sa,0,1,42265,37443,3,0,5000.01,12
25,medium,4,bt,0,1,10701,5339,5363,0,5000.24,
25,medium,4,fc,0,1,44630,22292,22339,61036,5000.21,
25,medium,4,full,1,0,272,121,121,2428,56.44,
25,medium,4,hc,0,1,32970,656,656,0,5000.83,39
25,medium,4,sa,0,1,42720,37800,3,0,5000.07,8
25,hard,0,bt,0,1,12566,6270,6297,0,5000.04,
25,hard,0,fc,1,0,119,25,25,542,18.87,
25,hard,0,full,1,0,59,0,0,490,35.99,
25,hard,0,hc,0,1,34770,926,926,0,5003.67,19
25,hard,0,sa,0,1,48780,43056,4,0,5000.07,6
25,hard,1,bt,0,1,10279,5116,5164,0,5000.23,
25,hard,1,fc,0,1,41706,20843,20863,144917,5000.37,
25,hard,1,full,1,0,61,0,0,488,43.78,
25,hard,1,hc,0,1,31860,921,921,0,5003.21,12
25,hard,1,sa,0,1,44380,39538,4,0,5000.14,4
25,hard,2,bt,0,1,5390,2676,2714,0,5006.1,
25,hard,2,fc,1,0,121,28,28,575,15.67,
25,hard,2,full,1,0,61,0,0,488,46.13,
25,hard,2,hc,0,1,30570,880,880,0,5000.7,20
25,hard,2,sa,0,1,44578,39561,4,0,5000.05,6
25,hard,3,bt,0,1,10835,5399,5436,0,5000.48,
25,hard,3,fc,0,1,41436,20707,20730,141034,5000.24,
25,hard,3,full,1,0,54,1,1,519,36.67,
25,hard,3,hc,0,1,33000,929,929,0,5003.49,13
25,hard,3,sa,0,1,50262,44917,4,0,5000.01,5
25,hard,4,bt,0,1,17534,8759,8775,0,5000.3,
25,hard,4,fc,1,0,145,40,40,634,23.43,
25,hard,4,full,1,0,56,0,0,493,46.04,
25,hard,4,hc,0,1,35250,1092,1092,0,5003.37,13
25,hard,4,sa,0,1,51640,45905,4,0,5000.08,6
